{"stats":{"minecraft:picked_up":{"minecraft:porkchop":2},"minecraft:killed_by":{"minecraft:zombie":1},"minecraft:custom":{"minecraft:jump":387,"minecraft:time_since_rest":331,"minecraft:damage_taken":675,"minecraft:leave_game":4,"minecraft:crouch_one_cm":43,"minecraft:time_since_death":0,"minecraft:play_time":13961,"minecraft:sprint_one_cm":28798,"minecraft:walk_one_cm":7222,"minecraft:walk_on_water_one_cm":699,"minecraft:deaths":3,"minecraft:sneak_time":4,"minecraft:total_world_time":13961,"minecraft:walk_under_water_one_cm":82,"minecraft:swim_one_cm":1103,"minecraft:fall_one_cm":22248,"minecraft:fly_one_cm":94452}},"DataVersion":3465}